all_miles,paved_miles,pct_paved
12046627.619239366,1526815.7524060663,0.12674217222151263
